itemName,price,amount,picture
聯想ThinkCentre M3500q配置J1800 2G 120G SSD固態硬碟 全國聯保,1899,3,image01.jpg
歐式頭等太空沙發艙單人皮布藝沙發電動可躺美甲美睫沙發電腦沙發,488,12,image02.jpg
兒童玩具聲光槍套裝配件盾牌cos裝扮舞臺道具過家家3歲以上禮物,15,8,image03.jpg
英雄聯盟加勒比海盜船城堡黑珍珠沉默瑪麗號拼裝玩具船積木模型,241,5,image04.jpg
愛上拼積木#麵包紅豆超人系列#4×8釐米左右高#300粒+,13.9,2,image05.jpg
中式服裝唐裝女裝旗袍上衣2020春夏民國風復古修身中國民族風上衣,98,12,image06.jpg
庫裡投籃訓練薄款厚款長褲籃球運動抓絨衛褲束腳褲收腳褲健身小腳,69,9,image07.jpg
聞說|雲霧玻璃西施壺 霧化磨砂工藝 日式簡約耐熱小號功夫泡茶壺,98,44,image08.jpg
恒龍遙控坦克模型親子紅外線對戰充電動兒童越野玩具金屬男孩汽車,838,10,image09.jpg
森系項鍊女鎖骨鏈韓版簡約時尚創意日韓學生鈦鋼男士潮人情侶吊墜,29.9,5,image10.jpg
肌肉健身兄弟秋季男士跑步運動訓練服彈力緊身收腰連帽開衫衛衣,69,7,image11.jpg
連帽套頭運動T恤健身長袖女蝙蝠外套速幹寬鬆顯瘦瑜伽服跑步上衣,79,2,image12.jpg
外貿原單男裝男式商務休閒翻領小牛皮黑色夾克男士百搭真皮皮衣,1080,11,image13.jpg
李寧男輕便透氣支撐綜合訓練鞋一體織潑墨男士低幫運動鞋AFHN007,179,10,image14.jpg
2021春季新款板鞋男韓版潮流小白老爹男士休閒鞋百搭白色平底男鞋,59,3,image15.jpg
冬季連帽羽絨衝鋒衣中性帥氣保暖羽絨服女裝加厚街頭潮流美式外套,385,1,image16.jpg
